FILE,RIGA APPROX,CODICE DA RIMUOVERE,MOTIVO,ADATTAMENTO FXML/CSS
KitchenController.java,250-300,"private HBox createOrderCard(Order order) { intero metodo }","Crea HBox/VBox/Label/Button programmaticamente","Crea OrderCard.fxml con <HBox styleClass='order-card'> <VBox fx:id='leftInfo'/> <Button fx:id='btnDone' styleClass='btn-ready'/> </HBox>. Nel controller: carica con FXMLLoader e popola dati"
KitchenController.java,260,"card.setStyle('-fx-background-color: white; -fx-background-radius: 8; ...')","Stile inline","CSS: .order-card { -fx-background-color: white; -fx-background-radius: 8; ... }"
KitchenController.java,270,"lblTitle.setStyle('-fx-font-size: 18px; -fx-font-weight: bold; -fx-text-fill: #333')","Stile Label","<Label fx:id='lblTitle' styleClass='title-label'/> + CSS .title-label { ... }"
KitchenController.java,275,"lblTime.setStyle('-fx-text-fill: #888; -fx-font-size: 12px')","Stile Label","<Label fx:id='lblTime' styleClass='time-label'/> + CSS .time-label { ... }"
KitchenController.java,290,"itemLbl.setStyle('-fx-font-size: 14px; -fx-font-weight: bold; -fx-text-fill: #444')","Stile item Label","<Label styleClass='item-label'/> in OrderCard.fxml + CSS .item-label { ... }"
KitchenController.java,295,"lblNote.setStyle('-fx-text-fill: #D32F2F; -fx-font-weight: bold; ...')","Stile nota","<Label fx:id='lblNote' styleClass='note-label'/> + CSS .note-label { -fx-text-fill: #D32F2F; ... }"
KitchenController.java,300,"btnDone.setStyle(...) + setOnMouseEnter/Exit","Stile e effetti Button","<Button styleClass='btn-ready'/> + CSS .btn-ready { ... } .btn-ready:hover { ... }"
KitchenController.java,150,"itemChangePassword.setStyle('-fx-font-size: 14px; ...')","Stile MenuItem","CSS .context-menu .menu-item { -fx-font-size: 14px; ... }"
KitchenController.java,180,"empty.setStyle('-fx-font-size: 18px; ...')","Stile empty Label","<Label styleClass='empty-state'/> + CSS .empty-state { ... }"
OrderDetailController.java,100-150,"private VBox createInfoSection() { intero metodo }","Crea VBox/Label programmaticamente","Espandi OrderDetailView.fxml con <VBox styleClass='info-section'> <Label styleClass='label-bold'/> ... </VBox>. Controller popola testi"
OrderDetailController.java,110,"lblDateLabel.setStyle('-fx-font-weight: bold; -fx-font-size: 14px')","Stile label","styleClass='label-bold' + CSS .label-bold { ... }"
OrderDetailController.java,120,"lblTableValue.setStyle('-fx-font-size: 18px; -fx-text-fill: #2196F3; ...')","Stile valore","styleClass='table-value' + CSS .table-value { ... }"
OrderDetail
ProductRowController.java,40,"root.setStyle(\"-fx-background-color: #F9F9F9;\")","Hover gestito via codice","Usa CSS: .row-item:hover { -fx-background-color: #F9F9F9; } e rimuovi onHover/onExit dal controller/FXML"
ProductRowController.java,47,"root.setStyle(\"-fx-background-color: white;\")","Ripristino stile via codice","Stile base in CSS: .row-item { -fx-background-color: white; }"
UsersView.fxml,15,"Label style=\"-fx-font-size: 24px;\"","Style inline titolo","Rimuovi style e usa styleClass=\"text-title-large\" + CSS .text-title-large { -fx-font-size: 24px; }"
UsersView.fxml,16,"Label style=\"-fx-font-size: 14px;\"","Style inline sottotitolo","Rimuovi style e usa styleClass=\"text-muted-small\" + CSS .text-muted-small { -fx-font-size: 14px; }"
UsersView.fxml,28,"TableView style=\"-fx-background-color: transparent;\"","Style inline TableView","Rimuovi style e usa styleClass=\"table-transparent\" + CSS .table-transparent { -fx-background-color: transparent; }"
UsersView.fxml,52,"Button onAction=\"#handleDelete\" style=\"-fx-background-color: #E02E2E; -fx-text-fill: white; -fx-cursor: hand;\"","Style inline bottone rosso","Rimuovi style, lascia styleClass=\"btn-primary\" e aggiungi una classe dedicata es. \"btn-danger\" in CSS"
WaiterView.fxml,24,"StackPane fx:id=\"profileBtn\" style=\"-fx-cursor: hand;\"","Style inline cursor","Rimuovi style, usa classe .profile-btn { -fx-cursor: hand; }"
WaiterView.fxml,29,"Circle fill=\"CORNFLOWERBLUE\" stroke=\"TOMATO\" strokeWidth=\"0\"","Colori inline","Rimuovi attributi di stile e usa styleClass=\"profile-circle\" + CSS .profile-circle { -fx-fill: CORNFLOWERBLUE; -fx-stroke: TOMATO; }"
WaiterView.fxml,36,"Label fx:id=\"lblHeaderName\" style=\"-fx-font-size: 16px;\"","Style inline label","Rimuovi style, usa solo styleClass=\"text-title\" oppure nuova classe .header-name"
WaiterView.fxml,37,"Label fx:id=\"lblHeaderRole\" style=\"-fx-font-size: 14px;\"","Style inline label","Rimuovi style, usa styleClass=\"text-body\" o nuova classe .header-role"
WaiterView.fxml,40,"Label fx:id=\"lblWelcomeTop\" style=\"-fx-text-fill: #888; -fx-padding: 0 0 0 20; -fx-font-style: italic;\"","Style inline testo welcome","Rimuovi style, usa styleClass=\"welcome-subtitle\" + CSS (.welcome-subtitle { ... })"
WaiterView.fxml,64,"Button fx:id=\"btnNewOrder\" style=\"-fx-background-color: #2B2B2B; -fx-text-fill: white; -fx-background-radius: 15; -fx-font-size: 16px; -fx-font-weight: bold; -fx-min-width: 140; -fx-min-height: 60; -fx-cursor: hand;\"","Style inline bottone principale","Rimuovi style e usa styleClass=\"waiter-main-btn\" + CSS"
WaiterView.fxml,67,"Label text=\"table\" style=\"-fx-font-size: 14px;\"","Style inline label","Rimuovi style, usa styleClass=\"text-body\" o nuova classe .waiter-label"
WaiterView.fxml,70,"TextField fx:id=\"txtTable\" style=\"-fx-background-color: white; -fx-background-radius: 10; -fx-border-color: #DDD; -fx-border-radius: 10; -fx-min-width: 200; -fx-font-size: 14px;\"","Style inline TextField","Rimuovi style, usa styleClass=\"waiter-table-input\" + CSS"
TakeOrderView.fxml,13,"Label fx:id=\"lblSubtitle\" style=\"-fx-font-size: 14px; -fx-text-fill: #888;\"","Style inline sottotitolo","Rimuovi style, usa styleClass=\"text-muted-small\""
TakeOrderView.fxml,14,"Label fx:id=\"lblTitle\" style=\"-fx-font-size: 22px; -fx-font-weight: bold;\"","Style inline titolo","Rimuovi style, usa styleClass=\"takeorder-title\" + CSS"
TakeOrderView.fxml,21,"Button onAction=\"#handleCancel\" style=\"-fx-background-color: #E02E2E; -fx-text-fill: white;\"","Style inline pulsante Cancel","Rimuovi style, usa styleClass=\"btn-danger\" + CSS"
TakeOrderView.fxml,35,"ScrollPane fx:id=\"scrollPane\" style=\"-fx-background-color: transparent;\"","Style inline scrollpane","Rimuovi style, aggiungi styleClass=\"transparent-scrollpane\""
TakeOrderView.fxml,49,"Button fx:id=\"btnSend\" style=\"-fx-font-size: 16px; -fx-font-weight: bold;\"","Style inline testo bottone","Rimuovi style, aggiungi a CSS nella classe .dashboard-btn o una nuova .btn-send"
OrderRowItem.fxml,12,"HBox style=\"-fx-border-color: #EEE; -fx-border-width: 0 0 1 0; -fx-background-color: white; -fx-cursor: hand; -fx-padding: 12;\"","Style inline riga ordine","Rimuovi style e usa styleClass=\"order-row-item\" + CSS"
OrderRowItem.fxml,19,"Label fx:id=\"lblTitle\" style=\"-fx-font-size: 16px; -fx-font-weight: bold; -fx-text-fill: #333;\"","Style inline titolo","Rimuovi style, usa styleClass=\"order-row-title\" + CSS"
OrderRowItem.fxml,24,"Label fx:id=\"lblSubtitle\" style=\"-fx-font-size: 13px; -fx-text-fill: #666;\"","Style inline sottotitolo","Rimuovi style, usa styleClass=\"order-row-subtitle\" + CSS"
OrderRowItem.fxml,33,"Label text=\"›\" style=\"-fx-font-size: 24px; -fx-text-fill: #2ecc71; -fx-padding: 0 10 0 0;\"","Style inline freccia","Rimuovi style, usa styleClass=\"order-row-arrow\" + CSS"
OrderRow.fxml,12,"HBox style=\"-fx-border-color: #EEE; -fx-border-width: 0 0 1 0; -fx-background-color: white; -fx-cursor: hand;\"","Style inline HBox","Rimuovi style e usa styleClass=\"order-row\" + CSS"
OrderRow.fxml,18,"Label fx:id=\"lblTitle\" style=\"-fx-font-size: 16px; -fx-text-fill: #333;\"","Style inline label","Rimuovi style, usa styleClass=\"order-row-title\""
OrderRow.fxml,20,"Label fx:id=\"lblSubtitle\" style=\"-fx-font-size: 14px; -fx-text-fill: #888;\"","Style inline label","Rimuovi style, usa styleClass=\"order-row-subtitle\""
OrderRow.fxml,27,"Label text=\"...\" style=\"-fx-font-size: 20px; -fx-text-fill: #555; -fx-padding: 0 10 0 0;\"","Style inline ellipsis","Rimuovi style, usa styleClass=\"order-row-ellipsis\""
OrderRowItemController.java,32,"STYLE_NORMAL/STYLE_HOVER/STYLE_SELECTED stringhe CSS","Stili definiti in costanti Java","Sposta in CSS (.order-row-item, .order-row-item:hover, .order-row-item.selected) e in controller cambia solo styleClass"
OrderRowItemController.java,104,"root.setStyle(STYLE_SELECTED/STYLE_NORMAL)","Stile via codice","Usa root.getStyleClass().setAll(\"order-row-item\", isSelected ? \"selected\" : \"normal\"); con CSS"
OrderRowItemController.java,135,"root.setStyle(STYLE_HOVER)","Hover via codice","Gestisci hover con CSS :hover, senza cambiare style da Java"
OrderRowController.java,63,"root.setStyle(\"-fx-border-color: #EEE; ... -fx-background-color: #F9F9F9; -fx-cursor: hand;\")","Hover via codice","Rimuovi onHover/onExit, usa CSS .order-row:hover { background-color: #F9F9F9; }"
OrderRowController.java,71,"root.setStyle(\"-fx-border-color: #EEE; ... -fx-background-color: white; -fx-cursor: hand;\")","Reset stile via codice","Stile base in CSS per .order-row"
ProductDetail.fxml,11,"BorderPane style=\"-fx-background-color: white;\"","Style inline root","Rimuovi style, usa styleClass=\"product-detail-root\" + CSS"
ProductDetail.fxml,20,"Label fx:id=\"lblBack\" style=\"-fx-text-fill: #888; -fx-cursor: hand; -fx-font-size: 14px;\"","Style inline back-link","Rimuovi style, usa styleClass=\"back-link\" (già definita in CSS globale)"
ProductDetail.fxml,21,"Label fx:id=\"lblName\" style=\"-fx-font-size: 32px; -fx-font-weight: bold; -fx-text-fill: #222;\"","Style inline titolo","Rimuovi style, usa styleClass=\"product-title\" + CSS"
ProductDetail.fxml,29,"Button fx:id=\"btnEdit\" style=\"-fx-background-color: #E3F2FD; -fx-text-fill: #1976D2; -fx-background-radius: 8; -fx-cursor: hand; -fx-padding: 8 15;\"","Style inline bottone edit","Rimuovi style, usa styleClass=\"btn-edit\" + CSS"
ProductDetail.fxml,35,"Button fx:id=\"btnDelete\" style=\"-fx-background-color: #FFEBEE; -fx-text-fill: #D32F2F; -fx-background-radius: 8; -fx-cursor: hand; -fx-padding: 8 15;\"","Style inline bottone delete","Rimuovi style, usa styleClass=\"btn-delete\" + CSS"
ProductDetailController.java,82,"lblTitle.setStyle(\"-fx-font-size: 16px; -fx-text-fill: #555;\")","Stile via codice semplice row","Sposta in CSS .pd-row-title e in FXML usa styleClass invece di setStyle"
ProductDetailController.java,89,"lblValue.setStyle(\"-fx-font-size: 16px; -fx-text-fill: #222; -fx-font-weight: 500;\")","Stile via codice","Sposta in CSS (.pd-row-value)"
ProductDetailController.java,108,"lblTitle.setStyle(\"-fx-font-size: 16px; -fx-text-fill: #222; -fx-font-weight: bold;\")","Stile via codice complesso","CSS: .pd-complex-title"
ProductDetailController.java,111,"lblSub.setStyle(\"-fx-font-size: 13px; -fx-text-fill: #888; -fx-line-spacing: 2px;\")","Stile via codice descrizione","CSS: .pd-complex-subtitle"
ProductDetailController.java,139,"lblValue.setStyle(\"-fx-font-size: 22px; -fx-text-fill: #222; -fx-font-weight: bold;\")","Stile via codice valore grande","CSS: .pd-complex-value"
ProductDetailController.java,191,"separator.setStyle(\"-fx-background-color: #EEEEEE;\")","Stile separator via codice","CSS: .pd-separator { -fx-background-color: #EEEEEE; } e usa styleClass sull'oggetto Separator"
ProductDetailController.java,225,"lblBack.setOnMouseEntered/Exited con setStyle(...)","Hover back via codice","Usa solo styleClass=\"back-link\" e CSS .back-link:hover { ... }"
WaiterController.java,59,"card.setStyle(\"-fx-background-color: white; -fx-background-radius: 12; -fx-padding: 15; -fx-max-width: 300;\")","Style card via codice","Crea classe .waiter-notification-card in CSS e applicala via FXML o root.getStyleClass().add"
WaiterController.java,70,"title.setStyle(\"-fx-font-weight: bold; -fx-font-size: 14px; -fx-text-fill: #333;\")","Stile via codice","CSS: .waiter-notification-title"
WaiterController.java,83,"more.setStyle(\"-fx-text-fill: #888; -fx-font-size: 11px;\")","Stile via codice","CSS: .waiter-notification-more"
WaiterController.java,89,"itemLbl.setStyle(\"-fx-text-fill: #555; -fx-font-size: 13px;\")","Stile via codice","CSS: .waiter-notification-item"
WaiterController.java,100,"btnDelivered.setStyle(\"-fx-background-color: #2B2B2B; -fx-text-fill: white; -fx-font-weight: bold; -fx-background-radius: 8; -fx-cursor: hand;\")","Stile via codice bottone","CSS: .waiter-delivered-btn"
WaiterController.java,141,"itemLogout.setStyle(\"-fx-text-fill: red; -fx-font-weight: bold;\")","Stile via codice voce logout","CSS: .context-menu .menu-item.logout-item { -fx-text-fill: red; -fx-font-weight: bold; } e applica styleClass alla voce"
WaiterController.java,165,"txtTable.setStyle(\"-fx-border-color: #DDD;\")","Reset bordo via codice","Gestisci valid/invalid via classi CSS (es. .table-input-error) e aggiungi/rimuovi styleClass"
WaiterController.java,173,"txtTable.setStyle(\"-fx-border-color: red; -fx-border-width: 2;\")","Errore via codice","CSS: .table-input-error { -fx-border-color: red; -fx-border-width: 2; } e usa styleClass"

